{
  "n_trades": 750,
  "win_rate": 0.548,
  "avg_pnl": 0.0004654004269587965,
  "total_pnl": 0.3490503202190974,
  "quarterly": {
    "Q1": 0.16515843935539457,
    "Q2": -0.008367616263000727,
    "Q3": 0.1517733689763484,
    "Q4": 0.06242685361784192
  },
  "period": "2024-full-year"
}