{
  "n_trades": 58,
  "win_rate": 0.5172413793103449,
  "avg_pnl": 0.00032909788560127437,
  "total_pnl": 0.019087677364873913,
  "sharpe": 1.0600777081757675,
  "threshold_used": 0.58
}