month,trades,return
1,65,-0.20993452167795942
2,73,0.05357352045406913
3,73,-0.13073406793193051
4,80,-0.17898628847112535
5,74,-0.09660204776366821
6,71,-0.14464623302857418
7,84,-0.1300488401101501
8,74,-0.029597692027596524
9,75,-0.14625037430072416
10,76,-0.12233601539702058
11,71,0.011658323823458144
12,73,-0.09172268709465832
