{
  "timestamp": "2026-04-19T19:46:57.929364",
  "results": {
    "A_FeatureSelection": {
      "auc": 0.5253727356514588,
      "accuracy": 0.5369624549308758,
      "features": 25,
      "training_samples": 4561309,
      "note": "Kept top 25 features from 44 total"
    },
    "B_PaperTrading": {
      "best_threshold": 0.5,
      "trades": 10,
      "win_rate": 0.8,
      "profit_inr": 6.690776047000797,
      "sharpe": 23.82767775939879
    },
    "C_AdvancedFeatures": {
      "auc": 0.526257199188585,
      "accuracy": 0.5370616896997431,
      "features": 30,
      "improvement_v5": -0.0003428008114149117,
      "note": "Added 5 synthetic advanced features"
    }
  },
  "best_model": "V6_30feat",
  "best_auc": 0.526257199188585,
  "profitable": false,
  "recommendation": "NEED_IMPROVEMENT"
}